{
    "dirs": {
        "data": "/data/etl/Data",
        "common": "/data/etl/Common",
        "script": "/data/etl/Scripts",
        "log": null
    },
    "s3_buckets": {
        "protobuf": "nw-event-data-prod",
        "jsondata": "east1-prod-dwh-s3-0",
        "jsonpaths": "east1-prod-dwh-s3-0",
        "nerdlake": "east1-prod-nerdlake-0"
    },
    "s3_aws_profile": {
        "protobuf": "nwprod",
        "jsondata": "nwprod",
        "jsonpaths": "nwprod",
        "nerdlake": "nwprod"
    },
    "s3_key_prefixes": {
        "protobuf": null,
        "jsondata": null
    },
    "nerdlake": {
        "stage_db": "dwnl_stage"
    },
    "dates": {
        "start": null,
        "start_offset": null,
        "end": null,
        "end_offset": null
    }
}
