{
    "BackendEventHeader.guid": {
        "redshift_type": "char(32)"
    },

    "BackendEventHeader.timestamp": {
        "name": "event_ts",
        "type": "timestamp",
        "redshift_type": "timestamp"
    },

    "EventHeader.guid": {
        "redshift_type": "char(32)"
    },

    "EventHeader.timestamp": {
        "name": "event_ts",
        "type": "timestamp",
        "redshift_type": "timestamp"
    },

    "EventHeader.userAgent": {
        "required": false
    },

    "SessionStartEvent.utmCampaign": {
        "name": "session_start_utmCampaign"
    },

    "SessionStartEvent.utmContent": {
        "name": "session_start_utmContent"
    },

    "SessionStartEvent.utmMedium": {
        "name": "session_start_utmMedium"
    },

    "SessionStartEvent.utmSource": {
        "name": "session_start_utmSource"
    },

    "zzz_timestamp": {
        "type": "timestamp",
        "redshift_type": "timestamp"
    }
}
