{
    "DQ_Job_Name": "Amplitude transaction event - check aflt tran snapshot",
    "DQ_Job_Desc": "Snapshot test on DWH (Amplitude) aflt tran process. Threshold for Credit Card is 500,000, for Brokerage is 70,000, for Rates is 150,000.",
    "DQ_Job_Group_Level3": "Vertical - Amplitude tran",
    "DQ_Pod": "Growth",
    "DQ_Table_Name": "dw_stage.dw_aflt_tran_consolidated_f_all_pstv_txn",
    "DQ_Query": "select a.dw_snapshot_dt, a.src_sys_id, b.src_sys_long_nm as system_name
  , count(1) txn_count, count(distinct a.dw_site_visitor_id) unique_uv_count
  , sum( replace(a.commission_am,'$','')) sum_commission_am
  , 'FAILURE' dq_status
  , 'Sniff test FAILURE. Verify aflt tran data in DWH. Pausing Amplitude Upload process' dq_tx
from dw_stage.dw_aflt_tran_consolidated_f_all_pstv_txn a
left join dw_report.src_sys_d b
on a.src_sys_id = b.src_sys_id
where
  a.dw_snapshot_dt = (select max(dw_snapshot_dt) from dw_stage.dw_aflt_tran_consolidated_f_all_pstv_txn)
group by 1,2,3
having (     ( a.src_sys_id = 1 and sum( replace(a.commission_am,'$','')) > 500000 )
             or  ( a.src_sys_id = 2 and sum( replace(a.commission_am,'$','')) > 70000  )
             or  ( a.src_sys_id = 8 and sum( replace(a.commission_am,'$','')) > 150000  ))
order by 1 desc, 2 asc
;",
    "Fail_On_Error": "Yes",
    "Email_TO": "dwh@nerdwallet.com, marketing-analytics@nerdwallet.com",
    "DQ_Job_Group_Level2": "Vertical",
    "Email_CC": "dwh@nerdwallet.com",
    "DQ_Check_Type": "Business DQ Check",
    "DQ_Job_Group_Level1": "Vertical",
    "Email_FROM": "dwh-dq@nerdwallet.com",
    "dq_action": "Please verify revenue amount",
    "github_code":"https://github.com/NerdWallet/dwh/blob/master/Scripts/amp_load_transaction_event/pythonscripts/dw_aflt_tran_snapshot_check.json"
}
