{
	"DQ_Job_Name": "consolidated fact - nw_click_dt should not be null",
	"DQ_Job_Group_Level1": "consolidated fact",
	"DQ_Job_Group_Level2": "Horizontal",
	"DQ_Job_Group_Level3": "DWH Transactions",
    "DQ_Job_Desc": "Report - nw_click_dt should not be null",
        "Github_Code":"https://github.com/NerdWallet/dwh/tree/master/Scripts/aflt_tran_consolidated_fact/pythonscripts/check_nw_click_dt.json",
	"Email_TO": "analytics@nerdwallet.com", 
	"Email_CC": "",
	"Email_FROM": "dwh-dq@nerdwallet.com",
	"Fail_On_Error": "No",
	"DQ_Query": "
		Select prog_nm,
		sum(case when nw_click_dt is null then 1 else 0 end) cnt,
		round(sum(case when nw_click_dt is null then 1 else 0 end)*100.0000/count(1),2)||'%' prct_cnt,
		case when abs(sum(case when nw_click_dt is null then 1 else 0 end)*100.0000/count(1)) between 0 and 1 then 'SUCCESS' 
       		 when abs(sum(case when nw_click_dt is null then 1 else 0 end)*100.0000/count(1)) between 1 and 5 then 'WARNING'
       		 else 'FAILURE' 
  			 end as dq_status 
		from dw_report.dw_aflt_tran_consolidated_f 
		where dw_click_id is not null and dw_eff_dt between sysdate-30 and sysdate
		group by 1
		having sum(case when nw_click_dt is null then 1 else 0 end)>0
		order by 1;
	"
}
