{
	"DQ_Job_Name": "consolidated fact - missing Subids/clickids for the last 7 days vs last 30 days",
	"DQ_Job_Group_Level1": "consolidated fact",
	"DQ_Job_Group_Level2": "Horizontal",
	"DQ_Job_Group_Level3": "DWH Transactions",
    "DQ_Job_Desc": "Report - missing Subids/clickids for the last 7 days vs last 30 days. \n\nPlease refer to the following link for metric definitions and thresholds.\nhttps://nerdwallet.atlassian.net/wiki/display/BIZANA/DQ+Check+Queries",
"Github_Code":"https://github.com/NerdWallet/dwh/tree/master/Scripts/aflt_tran_consolidated_fact/pythonscripts/check_mssng_clks.json",
	"Email_TO": "analytics@nerdwallet.com", 
	"Email_CC": "",
	"Email_FROM": "dwh-dq@nerdwallet.com",
	"Fail_On_Error": "No",
	"DQ_Query": "
Select crrnt.prog_nm \"Program\",crrnt.verticals_txt \"Verticals\", crrnt.mssng_clks \"Avg Missing Subids-Last 7 days\",crrnt.prct_mssng_clks \"Pct Missing Subids-Last 7 days\",round(coalesce((crrnt.mssng_clks-coalesce(hist.mssng_clks,0))*100.00/nullif(hist.mssng_clks,0),crrnt.mssng_clks),2)||'%' \"Missing Subids variance\", crrnt.unmtchd_clcks \"Avg Missing NW Clickids-Last 7 days\", crrnt.prct_unmtchd_clcks \"Pct Missing NW Clickids-Last 7 days\", round(coalesce((crrnt.unmtchd_clcks-coalesce(hist.unmtchd_clcks,1))*100.00/nullif(hist.unmtchd_clcks,0),crrnt.unmtchd_clcks),2)||'%' \"Missing NW Clickid variance\", 
case when DQ_Status_prct_unmtchd_clcks='SUCCESS' and DQ_Status_prct_mssng_clks='SUCCESS' then 'SUCCESS'
     when DQ_Status_prct_unmtchd_clcks='SUCCESS' and DQ_Status_prct_mssng_clks='WARNING' then 'WARNING'
     when DQ_Status_prct_unmtchd_clcks='WARNING' and DQ_Status_prct_mssng_clks='SUCCESS' then 'WARNING'
     when DQ_Status_prct_unmtchd_clcks='WARNING' and DQ_Status_prct_mssng_clks='WARNING' then 'WARNING'
     else 'FAILURE' end as dq_status
from
(Select prog_nm,verticals_txt,
sum(case when src_unique_click_id is null then 1 else 0 end)*1.00/count(distinct a.dw_eff_dt) mssng_clks,
round(sum(case when src_unique_click_id is null then 1 else 0 end)*100.00/count(1),2)||'%' prct_mssng_clks,
Case when abs(sum(case when src_unique_click_id is null then 1 else 0 end)*100.00/count(1)) < 1 then 'SUCCESS'
     when abs(sum(case when src_unique_click_id is null then 1 else 0 end)*100.00/count(1)) between 1 and 5 then 'WARNING'
     else 'FAILURE'
     end DQ_Status_prct_mssng_clks,
sum(case when dw_click_id is null and src_unique_click_id is not null then 1 else 0 end)*1.00/count(distinct a.dw_eff_dt) unmtchd_clcks,
round(sum(case when dw_click_id is null and src_unique_click_id is not null then 1 else 0 end)*100.00/count(1),2)||'%' prct_unmtchd_clcks,
Case when abs(sum(case when dw_click_id is null and src_unique_click_id is not null then 1 else 0 end)*100.00/count(1)) < 1 then 'SUCCESS'
     when abs(sum(case when dw_click_id is null and src_unique_click_id is not null then 1 else 0 end)*100.00/count(1)) between 1 and 5 then 'WARNING'
     else 'FAILURE'
     end DQ_Status_prct_unmtchd_clcks
from dw_report.dw_aflt_tran_consolidated_f a left join dw_report.dw_aflt_prog_nm_d b
on a.prog_nm=b.src_aflt_prog_nm
where a.dw_eff_dt between sysdate-7 and sysdate-1 and revenue_tran_in='True' and b.tracking=1
group by 1,2
having sum(case when src_unique_click_id is null then 1 else 0 end)>0 or sum(case when dw_click_id is null and src_unique_click_id is not null then 1 else 0 end)>0
order by 1 desc
) crrnt
left join
(Select prog_nm,
sum(case when src_unique_click_id is null then 1 else 0 end)*1.00/count(distinct dw_eff_dt) mssng_clks,
sum(case when dw_click_id is null and src_unique_click_id is not null then 1 else 0 end)*1.00/count(distinct dw_eff_dt) unmtchd_clcks
from dw_report.dw_aflt_tran_consolidated_f
where dw_eff_dt between sysdate-38 and sysdate-8 and revenue_tran_in='True'
group by 1
having sum(case when src_unique_click_id is null then 1 else 0 end)>0 or sum(case when dw_click_id is null then 1 else 0 end)>0
order by 1 desc) hist
on crrnt.prog_nm=hist.prog_nm;
	"
}
