{
   "DQ_Job_Name": "aflt_tran_edu_missing_prog - detected possible missing transactions from partner",
   "DQ_Job_Group_Level1": "Transaction",
   "DQ_Job_Group_Level2": "EDU Loans",
   "DQ_Job_Group_Level3": "DWH - Transactions",
   "DQ_Job_Desc": "Daily DQ check for PL partner transactions. WARNINGS mean we have not received any transactions from the partner for longer than the expected cadence OR the ETL was not loaded. Please see the <a href=\"https://nerdwallet.atlassian.net/wiki/display/BIZANA/DQ+Check%3A+aflt_tran_cc_missing_prog\">wiki</a> for more information.",
   "Email_TO": "kshrinivas@nerdwallet.com, vkatta@nerdwallet.com, vgupta@nerdwallet.com, akhajekar@nerdwallet.com, jportwood@nerdwallet.com, erowe@nerdwallet.com",
   "Email_CC": "",
   "Email_FROM": "DWH-DQ@nerdwallet.com",
   "Fail_On_Error": "No",
   "Github_Code":"https://github.com/NerdWallet/dwh/tree/master/Scripts/aflt_tran_dq/pythonscripts/aflt_tran_edu_missing_prog.json",
   "DQ_Priority_Group": "P1",
   "DQ_Summary_Logging_in_DB": "No",
   "DQ_Query": "
SELECT a.src_aflt_prog_nm, c.aflt_network_nm, b.src_file_received_dt AS dw_eff_dt, cast(CURRENT_DATE AS VARCHAR) AS dq_date, a.cadence_txt AS expected_cadence,
CASE
    WHEN b.src_file_received_dt IS NULL THEN  'WARNING'
    WHEN datediff(day, trunc(b.dw_load_ts), CURRENT_DATE) >= (CASE WHEN a.cadence_txt = 'Daily' THEN 1 ELSE 9999 END) THEN 'WARNING'
    WHEN datediff(day, trunc(b.dw_load_ts), CURRENT_DATE) >= (CASE WHEN a.cadence_txt = 'Weekly' THEN 7 ELSE 9999 END) THEN 'WARNING'
    WHEN datediff(day, trunc(b.dw_load_ts), CURRENT_DATE) >= (CASE WHEN a.cadence_txt = 'Monthly' THEN 31 ELSE 9999 END) THEN 'WARNING'
    WHEN datediff(day, b.src_file_received_dt, b.dw_load_ts) > (CASE WHEN a.cadence_txt = 'Daily' THEN 1 ELSE 9999 END) THEN 'WARNING'
    WHEN datediff(day, b.src_file_received_dt, b.dw_load_ts) > (CASE WHEN a.cadence_txt = 'Weekly' THEN 7 ELSE 9999 END) THEN 'WARNING'
    WHEN datediff(day, b.src_file_received_dt, b.dw_load_ts) > (CASE WHEN a.cadence_txt = 'Monthly' THEN 31 ELSE 9999 END) THEN 'WARNING'
    ELSE 'SUCCESS' END dq_status,
CASE
    WHEN b.src_file_received_dt is null THEN  'No ETL Load'
    WHEN datediff(day, trunc(b.dw_load_ts), CURRENT_DATE) >= (CASE WHEN a.cadence_txt = 'Daily' THEN 1 ELSE 9999 END) THEN concat(concat('No ETL load for ', cast(datediff(day, trunc(b.dw_load_ts), CURRENT_DATE)as varchar)), ' day(s)')
    WHEN datediff(day, trunc(b.dw_load_ts), CURRENT_DATE) >= (CASE WHEN a.cadence_txt = 'Weekly' THEN 7 ELSE 9999 END) THEN concat(concat('No ETL load for ', cast(datediff(day, trunc(b.dw_load_ts), CURRENT_DATE)as varchar)), ' day(s)')
    WHEN datediff(day, trunc(b.dw_load_ts), CURRENT_DATE) >= (CASE WHEN a.cadence_txt = 'Monthly' THEN 31 ELSE 9999 END) THEN concat(concat('No ETL load for ', cast(datediff(day, trunc(b.dw_load_ts), CURRENT_DATE)as varchar)), ' day(s)')
    WHEN datediff(day, b.src_file_received_dt, b.dw_load_ts) > (CASE WHEN a.cadence_txt = 'Daily' THEN 1 ELSE 9999 END) THEN concat(concat('No transactions for ', cast(datediff(day, b.src_file_received_dt, b.dw_load_ts)as varchar)), ' days')
    WHEN datediff(day, b.src_file_received_dt, b.dw_load_ts) > (CASE WHEN a.cadence_txt = 'Weekly' THEN 7 ELSE 9999 END) THEN concat(concat('No transactions for ', cast(datediff(day, b.src_file_received_dt, b.dw_load_ts)as varchar)), ' days')
    WHEN datediff(day, b.src_file_received_dt, b.dw_load_ts) > (CASE WHEN a.cadence_txt = 'Monthly' THEN 31 ELSE 9999 END) THEN concat(concat('No transactions for ', cast(datediff(day, b.src_file_received_dt, b.dw_load_ts)as varchar)), ' days')
    END dq_message,
CASE
    WHEN b.src_file_received_dt is null THEN  'DWH Team'
    WHEN datediff(day, trunc(b.dw_load_ts), CURRENT_DATE) >= (CASE WHEN a.cadence_txt = 'Daily' THEN 1 ELSE 9999 END) THEN 'DWH Team'
    WHEN datediff(day, trunc(b.dw_load_ts), CURRENT_DATE) >= (CASE WHEN a.cadence_txt = 'Weekly' THEN 7 ELSE 9999 END) THEN 'DWH Team'
    WHEN datediff(day, trunc(b.dw_load_ts), CURRENT_DATE) >= (CASE WHEN a.cadence_txt = 'Monthly' THEN 31 ELSE 9999 END) THEN 'DWH Team'
    WHEN datediff(day, b.src_file_received_dt, b.dw_load_ts) > (CASE WHEN a.cadence_txt = 'Daily' THEN 1 ELSE 9999 END) THEN ''
    WHEN datediff(day, b.src_file_received_dt, b.dw_load_ts) > (CASE WHEN a.cadence_txt = 'Weekly' THEN 7 ELSE 9999 END) THEN ''
    WHEN datediff(day, b.src_file_received_dt, b.dw_load_ts) > (CASE WHEN a.cadence_txt = 'Monthly' THEN 31 ELSE 9999 END) THEN ''
    END dq_owner
FROM dw_report.dw_aflt_prog_nm_d a
LEFT JOIN
    (SELECT aflt_id, lower(prog_nm) as prog_nm, max(src_file_received_dt) AS src_file_received_dt, max(dw_load_ts) AS dw_load_ts from dw_report.dw_aflt_tran_log where trunc(dw_load_ts) > dateadd(d, -31, CURRENT_DATE) GROUP BY 1,2) b
      ON a.aflt_network_id = b.aflt_id AND  LOWER(b.prog_nm) like CONCAT(LOWER(a.src_aflt_prog_nm),'%')
LEFT JOIN dw_report.dw_aflt_network_d c ON a.aflt_network_id = c.aflt_network_id
WHERE
  a.tracking = 1
  AND
  a.verticals_txt like '%EDU Loans%'
ORDER BY dq_status DESC;
"
}
