{
	"DQ_Job_Name": "AWS Clicks and Page-Views Event Data Count Change Week Over Week",
	"DQ_Job_Group_Level1": "Clicks/Page-Views Event",
	"DQ_Job_Group_Level2": "Horizontal",
	"DQ_Job_Group_Level3": "DW Core - Events",
    "DQ_Job_Desc": "Compare counts of Clicks and Page Views coming from AWS IPs WoW. FAILURE: >50.00% (AWS_click_change WoW % or AWS_page_view_change WoW %), and >25 (in AWS_click_change) and >50(in AWS_page_view_change) and all UP/INCREASE, and ignoring 'Homepage';  SUCCESS: Other",
	"Email_TO": "vgupta@nerdwallet.com ; slu@nerdwallet.com ; kramsay@nerdwallet.com ; jsandlund@nerdwallet.com ; dpatel@nerdwallet.com ; slesaffre@nerdwallet.com ; akhajekar@nerdwallet.com ; dcai@nerdwallet.com",     
	"Email_CC": "analytics@nerdwallet.com",
	"Email_FROM": "DWH-DQ@nerdwallet.com",
	"Fail_On_Error": "No",
	"DQ_Query": "select * from (select vertical_nm as vertical
, current_dt, dt_last_week,AWS_click_cnt_current_dt, AWS_click_cnt_dt_last_week 
, AWS_click_cnt_current_dt - AWS_click_cnt_dt_last_week as AWS_click_change_WoW
, cast(clicks_pct_num as numeric(6,2))||'%' as AWS_click_change_WoW_pct
, AWS_page_view_cnt_current_dt , AWS_page_view_cnt_dt_last_week 
, AWS_page_view_cnt_current_dt - AWS_page_view_cnt_dt_last_week as AWS_page_view_change_WoW
, cast(page_views_pct_num as numeric(6,2))||'%' as AWS_page_view_change_WoW_pct
, case 
    when AWS_page_view_cnt_current_dt - AWS_page_view_cnt_dt_last_week >=50
         and AWS_click_cnt_current_dt - AWS_click_cnt_dt_last_week >=25
         and lower(vertical_nm) <> 'homepage' 
         and (clicks_pct_num > 50 or page_views_pct_num > 50) then 'FAILURE'
    else 'SUCCESS'
   end as DQ_Status
from 
(
  select w2.vertical_nm, w2.dw_eff_dt as current_dt, w1.dw_eff_dt as dt_last_week
, w2.cnt_of_clicks as AWS_click_cnt_current_dt, w1.cnt_of_clicks as AWS_click_cnt_dt_last_week
, (case when w1.cnt_of_clicks=0 then 0 else cast(w2.cnt_of_clicks-w1.cnt_of_clicks as numeric(10,4))/w1.cnt_of_clicks end) * 100 as clicks_pct_num
, w4.cnt_of_page_views as AWS_page_view_cnt_current_dt, w3.cnt_of_page_views as AWS_page_view_cnt_dt_last_week
, (case when w3.cnt_of_page_views=0 then 0 else cast(w4.cnt_of_page_views-w3.cnt_of_page_views as numeric(10,4))/w3.cnt_of_page_views end) * 100 as page_views_pct_num
from 
(
select x.dw_eff_dt,z.page_hier_lvl1_nm as vertical_nm, count(*) cnt_of_clicks
from dw_report.dw_clicks_event_f x
     inner join dw_stage.amazon_ips_s y on x.logged_ip = y.amazon_ip
     inner join
     (select dw_page_sk,dw_eff_dt,dw_expr_dt,page_hier_lvl1_nm from dw_report.dw_page_detail_d) z
     on x.dw_page_sk = z.dw_page_sk
     and x.dw_eff_dt >= z.dw_eff_dt 
     and x.dw_eff_dt <= z.dw_expr_dt
where x.dw_eff_dt between trunc(sysdate) - 15 and trunc(sysdate) - 1
group by 1,2
) w1
inner join 
(
select x.dw_eff_dt,z.page_hier_lvl1_nm as vertical_nm, count(*) cnt_of_clicks
from dw_report.dw_clicks_event_f x
     inner join dw_stage.amazon_ips_s y on x.logged_ip = y.amazon_ip
     inner join
     (select dw_page_sk,dw_eff_dt,dw_expr_dt,page_hier_lvl1_nm from dw_report.dw_page_detail_d) z
     on x.dw_page_sk = z.dw_page_sk
     and x.dw_eff_dt >= z.dw_eff_dt 
     and x.dw_eff_dt <= z.dw_expr_dt
where x.dw_eff_dt between trunc(sysdate) - 15 and trunc(sysdate) - 1
group by 1,2
) w2
on w1.vertical_nm = w2.vertical_nm
inner join
(
select x.dw_eff_dt,z.page_hier_lvl1_nm as vertical_nm, count(*) cnt_of_page_views
from dw_report.dw_page_view_event_f x
     inner join dw_stage.amazon_ips_s y on x.logged_ip = y.amazon_ip
     inner join
     (select dw_page_sk,dw_eff_dt,dw_expr_dt,page_hier_lvl1_nm from dw_report.dw_page_detail_d) z
     on x.view_dw_page_sk = z.dw_page_sk
     and x.dw_eff_dt >= z.dw_eff_dt 
     and x.dw_eff_dt <= z.dw_expr_dt
where x.dw_eff_dt between trunc(sysdate) - 15 and trunc(sysdate) - 1
group by 1,2
)w3
on w1.vertical_nm = w3.vertical_nm
inner join
(
select x.dw_eff_dt,z.page_hier_lvl1_nm as vertical_nm, count(*) cnt_of_page_views
from dw_report.dw_page_view_event_f x
     inner join dw_stage.amazon_ips_s y on x.logged_ip = y.amazon_ip
     inner join
     (select dw_page_sk,dw_eff_dt,dw_expr_dt,page_hier_lvl1_nm from dw_report.dw_page_detail_d) z
     on x.view_dw_page_sk = z.dw_page_sk
     and x.dw_eff_dt >= z.dw_eff_dt 
     and x.dw_eff_dt <= z.dw_expr_dt
where x.dw_eff_dt between trunc(sysdate) - 15 and trunc(sysdate) - 1
group by 1,2
) w4 
on w1.vertical_nm = w4.vertical_nm
where w1.dw_eff_dt + 7 = w2.dw_eff_dt
  and w2.dw_eff_dt = trunc(sysdate) - 1
  and w3.dw_eff_dt + 7 = w4.dw_eff_dt
  and w4.dw_eff_dt = trunc(sysdate) - 1
 ) a
order by AWS_click_change_WoW desc, AWS_page_view_change_WoW desc
)
where DQ_Status = 'FAILURE'
;
"
}
